position	characteristic	characteristic_group	availability_stage	role	source	data_type	unit_or_values	definition	calculation	interpretation	empty_value_meaning
1	site	Non-calculated	Provenance	Identifier	Command parameter	text	Stack Exchange host name	The Stack Exchange site from which the question was extracted.	The plain host supplied through --site is copied to every selected question row.	The value distinguishes communities because each Stack Exchange site has its own topics, accounts, and moderation practices.	Never empty in a valid output.
2	dump_snapshot_date	Non-calculated	Provenance	Provenance	Dump metadata	date	YYYY-MM-DD	The date represented by the downloaded Stack Exchange dump.	The date supplied through --dump-date is copied to every selected question row.	Every snapshot-based score, view, count, and text field is observed by this date, which defines the end of the observation period.	Never empty in a valid output.
3	question_id	Non-calculated	Question-time metadata	Identifier	Posts.Id where PostTypeId = 1	text	positive post identifier	The identifier assigned to the question by Stack Exchange.	The value is copied from Posts.Id on the selected question row where PostTypeId = 1.	The stable number supports record joins and identifies the same question across extracts and tables.	Never empty in a valid output.
4	question_url	Calculated by project	Provenance	Identifier	site and question_id	text	URL	The direct web address of the original question.	The site host and question_id are inserted into the address pattern https://{site}/questions/{question_id}.	The address identifies the public question page when that page remains available online.	Never empty in a valid output.
5	question_creation_datetime	Non-calculated	Question-time metadata	Timestamp	Posts.CreationDate where PostTypeId = 1	datetime	UTC datetime	The date and time when the question was posted.	The value is copied from Posts.CreationDate on the selected question row.	The timestamp places the question in a period or cohort. Stack Exchange dump timestamps are recorded in UTC.	Never empty in a valid output.
6	question_last_edit_datetime	Non-calculated	Dump-snapshot context	Timestamp	Posts.LastEditDate where PostTypeId = 1	datetime	UTC datetime	The most recent question edit time recorded in the dump.	The value is copied from Posts.LastEditDate on the selected question row when that attribute is present.	Comparison with the creation time identifies whether an edit occurred and gives the most recent recorded edit time.	Empty when the question has no recorded edit.
7	question_title	Non-calculated	Question content at dump snapshot	Text	Posts.Title where PostTypeId = 1	text	HTML-decoded text	The question title stored in the dump snapshot.	The value is copied from Posts.Title on the selected question row. XML entities are decoded during XML parsing.	The value is the short wording displayed above the question body in the dump snapshot.	Empty only when the source title is unavailable.
8	question_body_html	Non-calculated	Question content at dump snapshot	Text	Posts.Body where PostTypeId = 1	text	rendered HTML	The rendered HTML body of the question stored in the dump snapshot.	The value is copied from Posts.Body on the selected question row with its stored HTML markup.	The value preserves rendered formatting, code blocks, links, and images. HTML-aware software is required for display.	Empty only when the source body is unavailable.
9	question_body_text	Calculated by project	Question content at dump snapshot	Text	question_body_html	text	plain visible text	The visible wording of the question body in plain text, including visible code text.	The HTML is parsed, and visible text is joined with normalized spaces.	The value supports reading and text processing. Formatting is flattened into spaces while visible code text remains present.	Empty when the source body is empty.
10	question_tags_raw	Non-calculated	Question content at dump snapshot	Topic	Posts.Tags where PostTypeId = 1	text	<tag-a><tag-b>	The exact tag string stored on the question row.	The value is copied from Posts.Tags on the selected question row with the original angle-bracket notation.	The value supports source verification. Each tag appears between angle brackets in the original dump notation.	Empty when the question has no source tags.
11	question_tags	Calculated by project	Question content at dump snapshot	Topic	question_tags_raw	text	semicolon-separated tags	The question tags in a simple list that is easy to read and split.	Each name between angle brackets is extracted, and the names are joined with semicolons.	Semicolon separation yields the individual topic names. One question can carry several tags.	Empty when the question has no source tags.
12	question_content_license	Non-calculated	Provenance	Provenance	Posts.ContentLicense where PostTypeId = 1	text	licence name	The content licence recorded for the question row.	The value is copied from Posts.ContentLicense on the selected question row.	The licence, question URL, and author information govern sharing and reuse of question content.	Empty for an older source row that omits the licence field.
13	owner_user_id	Non-calculated	Question metadata at dump snapshot	Identifier	Posts.OwnerUserId where PostTypeId = 1	text	user identifier	The identifier of the question author when that account is available in the dump.	The value is copied from Posts.OwnerUserId on the selected question row.	The identifier supports attribution and source joins when the author account is available.	Empty for deleted or unavailable user accounts.
14	owner_display_name	Non-calculated	Question metadata at dump snapshot	Identifier	Posts.OwnerDisplayName where PostTypeId = 1	text	display name	The source display name stored directly on the post, mainly for authors without an available user identifier.	The value is copied from Posts.OwnerDisplayName on the selected question row when that attribute is present.	The source name supports attribution when Stack Exchange stores a name directly on the post.	Empty when the source row provides no direct display name.
15	question_score	Calculated by Stack Exchange	Later human evidence	Community reception	Posts.Score where PostTypeId = 1	integer	net votes	The question's voting result at the dump snapshot: up-votes increase the value and down-votes decrease it.	Stack Exchange calculates the net voting score and stores it in Posts.Score; the value is copied from the selected question row.	Positive values show more up-votes than down-votes, zero shows a balanced or limited voting result, and negative values show more down-votes.	Empty only when the source score is unavailable.
16	question_view_count	Calculated by Stack Exchange	Dump-snapshot context	Visibility	Posts.ViewCount where PostTypeId = 1	integer	views	The number of times Stack Exchange recorded the question page as viewed by the dump snapshot.	Stack Exchange maintains the view total in Posts.ViewCount; the value is copied from the selected question row.	Higher values show greater recorded exposure. Question age and site traffic also influence this count.	Empty when the source row omits the view count.
17	stackexchange_answer_count	Calculated by Stack Exchange	Later human evidence	Response outcome	Posts.AnswerCount where PostTypeId = 1	integer	answers	The number of answers shown in the count stored by Stack Exchange on the question row.	Stack Exchange maintains the answer total in Posts.AnswerCount; the value is copied from the selected question row.	Zero denotes no answer in the platform-maintained count. Comparison with available_answer_count identifies source-row differences.	Empty when the source count is unavailable.
18	has_stackexchange_answer	Calculated by project	Later human evidence	Response outcome	Derived from Posts.AnswerCount	boolean	TRUE or FALSE	A Boolean indicator showing whether the Stack Exchange platform-maintained answer count is greater than zero.	The value is TRUE when stackexchange_answer_count is greater than zero and FALSE when it equals zero.	TRUE means the platform-maintained count records at least one answer. A difference from has_available_answer indicates that the maintained count and the available answer rows describe different source states.	An empty value means Posts.AnswerCount is unavailable.
19	stackexchange_comment_count	Calculated by Stack Exchange	Later human evidence	Interaction outcome	Posts.CommentCount where PostTypeId = 1	integer	comments	The number of comments shown in the count stored by Stack Exchange on the question row.	Stack Exchange maintains the question-comment total in Posts.CommentCount; the value is copied from the selected question row.	Zero denotes no question comment in the platform-maintained count. Comparison with available_question_comment_count identifies source-row differences.	Empty when the source count is unavailable.
20	accepted_answer_id	Non-calculated	Later human evidence	Resolution outcome	Posts.AcceptedAnswerId where PostTypeId = 1	text	answer identifier	The identifier of the answer selected as the solution by the question author at the dump snapshot.	The value is copied from Posts.AcceptedAnswerId on the selected question row when an accepted answer is recorded.	A present value means that the author selected an answer as the solution. The identifier locates that answer row.	Empty when the question has no accepted answer at the dump snapshot.
21	closed_datetime	Non-calculated	Later human evidence	Moderation outcome	Posts.ClosedDate where PostTypeId = 1	datetime	UTC datetime	The recorded date and time when a question in the closed state was closed.	The value is copied from Posts.ClosedDate on the selected question row when a closure event is recorded.	A present value means the dump records the question as closed. The timestamp places that moderation event in time.	Empty when the dump records the question in the open state.
22	question_word_count	Calculated by project	Question content at dump snapshot	Text characteristic	question_body_html	integer	words	The number of word-like items in the question prose after code blocks and inline code are removed.	Preformatted and code elements are removed before visible-prose extraction and Unicode word-token counting.	Larger values mean longer prose. Question length combines with content and response evidence during difficulty analysis.	Zero when no prose words remain.
23	code_character_count	Calculated by project	Question content at dump snapshot	Code characteristic	Derived from Posts.Body	integer	Non-negative character count	The number of characters contained in HTML code elements in the question body, including whitespace.	Posts.Body is parsed as HTML, and the text length of every code element is summed once.	Zero means the question body contains no code element. Larger values indicate more code text.	The calculated field is always present; unavailable body HTML produces 0.
24	code_line_count	Calculated by project	Question content at dump snapshot	Code characteristic	question_body_html	integer	non-empty lines	The number of non-empty lines inside preformatted code blocks in the question.	Each pre element is extracted, and its non-empty text lines are counted.	Zero means the body contains no non-empty line in a preformatted code block. Larger values indicate more block-formatted code.	Zero when no preformatted code block is present.
25	link_count	Calculated by project	Question content at dump snapshot	Context characteristic	question_body_html	integer	links	The number of hyperlinks in the question body.	The value equals the number of HTML a elements containing an href attribute.	Zero means the question contains no hyperlink. Larger values indicate greater reliance on linked context.	Zero when no hyperlink is present.
26	image_count	Calculated by project	Question content at dump snapshot	Context characteristic	question_body_html	integer	images	The number of images embedded in the question body.	The value equals the number of HTML img elements.	Zero means the question contains no embedded image. Larger values indicate more visual material.	Zero when no image is present.
27	tag_count	Calculated by project	Question content at dump snapshot	Topic	question_tags	integer	tags	The number of tags attached to the question.	The value equals the number of parsed tag names.	The value is usually between one and the site tag limit. Larger values describe a question assigned to more topics.	Zero when no tag is present.
28	available_answer_count	Calculated by project	Later human evidence	Response outcome	Posts answer rows with ParentId = question_id	integer	available answer rows	The number of answer rows that are actually available in Posts.xml for the question.	The value equals the number of matching PostTypeId = 2 rows in the dump.	Zero means no answer row is available in Posts.xml. Larger values mean more human responses are available for analysis.	Zero when no answer row is available.
29	has_available_answer	Calculated by project	Later human evidence	Response outcome	available_answer_count	boolean	TRUE or FALSE	Whether at least one answer row is available for the question in the dump.	The value is TRUE when available_answer_count is greater than zero and FALSE when it equals zero.	TRUE means at least one answer row is available; FALSE means the available answer count is zero.	Never empty in a valid output.
30	first_answer_id	Calculated by project	Later human evidence	Response outcome	Available answer rows	text	answer identifier	The identifier of the earliest available answer by creation time.	Available answers are ordered by CreationDate and numeric Id; the first row supplies the value.	The identifier locates the earliest available answer selected by timestamp and numeric ID.	Empty when no answer row is available.
31	first_answer_creation_datetime	Calculated by project	Later human evidence	Timestamp	Available answer rows	datetime	UTC datetime	The posting time of the earliest available answer.	The value is the CreationDate associated with first_answer_id.	Comparison with the question creation time shows when the first available answer appeared.	Empty when no answer row is available.
32	time_to_first_answer_hours	Calculated by project	Later human evidence	Response timing	question_creation_datetime and first_answer_creation_datetime	float	hours	The elapsed hours from question posting to the earliest available answer posting.	The question creation timestamp is subtracted from the earliest available answer timestamp, and the elapsed seconds are divided by 3,600.	Smaller values indicate a faster first response. Zero represents an answer posted within the same recorded instant.	Empty when no answer is available or a valid non-negative interval cannot be calculated.
33	median_answer_response_hours	Calculated by project	Later human evidence	Response timing	Question and available answer creation times	float	hours	The median posting delay across all available answers to the question.	The value is the median of all non-negative answer-posting delays.	Half of the available answers were posted by this delay and half were posted at or after it. Larger values describe generally slower answer arrival.	Empty when no valid answer delay is available.
34	accepted_answer_available	Calculated by project	Later human evidence	Resolution outcome	accepted_answer_id and available answer rows	boolean	TRUE or FALSE	Whether the answer named by accepted_answer_id is present in Posts.xml.	The value is TRUE when the available answers contain a row whose Posts.Id equals accepted_answer_id.	TRUE means the accepted-answer row is present and its content can be analyzed; FALSE means the row is absent or the question has no accepted-answer identifier.	FALSE when no accepted answer is recorded or its row is unavailable.
35	accepted_answer_creation_datetime	Calculated by project	Later human evidence	Timestamp	The available row identified by accepted_answer_id	datetime	UTC datetime	The posting time of the answer that is currently accepted.	The value is the CreationDate from the available accepted-answer row.	The value is the posting time of the answer that is currently accepted. It records answer arrival and serves as the start point for that answer content.	Empty when the accepted-answer row is unavailable.
36	accepted_answer_url	Calculated by project	Provenance	Identifier	site and accepted_answer_id	text	web address	The direct web address of the answer currently identified as accepted.	The address is constructed as https://{site}/a/{accepted_answer_id}.	The address identifies the currently accepted answer and supports attribution when that page remains available online.	Empty when the question has no accepted answer identifier.
37	accepted_answer_owner_user_id	Non-calculated	Later human evidence	Attribution	Posts.OwnerUserId on the available accepted-answer row	text	user identifier	The Stack Exchange user identifier of the accepted-answer author when the account is available in the dump.	The value is copied from Posts.OwnerUserId on the available accepted-answer row.	The identifier supports accepted-answer author attribution and source joins when the account is available.	Empty when the accepted-answer row or its author account is unavailable.
38	accepted_answer_owner_display_name	Non-calculated	Later human evidence	Attribution	Posts.OwnerDisplayName on the available accepted-answer row	text	display name	The author display name stored directly on the accepted-answer row.	The value is copied from Posts.OwnerDisplayName on the available accepted-answer row when that attribute is present.	The source name supports accepted-answer attribution when Stack Exchange stores it directly on the answer row.	Empty when the source row provides no direct display name.
39	accepted_answer_content_license	Non-calculated	Provenance	Provenance	Posts.ContentLicense on the available accepted-answer row	text	licence name	The content licence recorded for the accepted answer.	The value is copied from Posts.ContentLicense on the available accepted-answer row.	The licence, accepted-answer URL, and author information govern sharing and reuse of answer content.	Empty when the accepted-answer row is unavailable or the older source row has no licence field.
40	time_to_eventually_accepted_answer_post_hours	Calculated by project	Later human evidence	Response timing	question_creation_datetime and accepted_answer_creation_datetime	float	hours	The elapsed hours from question posting to the posting of the answer that is currently accepted.	The question creation timestamp is subtracted from the accepted-answer posting timestamp, and the elapsed seconds are divided by 3,600.	Smaller values mean the answer that ultimately became accepted was posted sooner after the question. This value measures answer posting time.	Empty when the accepted-answer row is unavailable or a valid non-negative interval cannot be calculated.
41	acceptance_date	Calculated by project	Later human evidence	Resolution outcome	Votes.CreationDate where PostId = accepted_answer_id and VoteTypeId = 1	date	YYYY-MM-DD	The first recorded day on which the currently accepted answer received an acceptance vote.	The earliest matching VoteTypeId = 1 date supplies the value. Public-dump vote timestamps have day-level precision.	This day records the acceptance action for the currently accepted answer. Public vote timestamps provide calendar-day precision.	Empty when no matching acceptance vote is available.
42	days_to_acceptance	Calculated by project	Later human evidence	Response timing	question_creation_datetime and acceptance_date	integer	calendar days	The number of calendar days from question posting to the first recorded acceptance day for the currently accepted answer.	The calendar date of question_creation_datetime is subtracted from acceptance_date.	Zero means acceptance occurred on the question posting day. Larger values mean more calendar days passed before the recorded acceptance action.	Empty when acceptance_date is unavailable or the interval is invalid.
43	accepted_answer_score	Calculated by Stack Exchange	Dump-snapshot context	Community reception	Posts.Score on the available accepted-answer row	integer	net votes	The accepted answer's voting result at the dump snapshot: up-votes increase the value and down-votes decrease it.	Stack Exchange calculates the net voting score and stores it in Posts.Score; the value is copied from the available accepted-answer row.	Positive values show more up-votes than down-votes, zero shows a balanced or limited voting result, and negative values show more down-votes.	Empty when the accepted-answer row is unavailable.
44	accepted_answer_body_text	Calculated by project	Later human evidence	Text	Posts.Body on the available accepted-answer row	text	plain visible text	The visible text of the currently accepted answer converted from rendered HTML.	The accepted-answer HTML is parsed, and visible text is joined with normalized spaces.	The value is the visible accepted-answer content with HTML formatting flattened into spaces.	Empty when the accepted-answer row is unavailable or has no body.
45	answer_score_spread	Calculated by project	Dump-snapshot context	Community reception	Posts.Score on available answer rows	integer	score points	The difference between the highest and lowest answer score for the question.	The minimum available answer score is subtracted from the maximum available answer score.	Zero means the available answer scores are equal. Larger values indicate a wider voting difference between the highest- and lowest-scored answers.	Empty when no answer score is available; zero when only one score is available or all scores are equal.
46	accepted_answer_score_rank	Calculated by project	Dump-snapshot context	Community reception	accepted_answer_score and all available answer scores	integer	rank, 1 is highest	The accepted answer position when the available answers are ordered from highest score to lowest score.	The rank equals 1 plus the number of available answer scores strictly greater than accepted_answer_score.	Rank 1 means the accepted answer shares the highest score. Rank 2 means one available answer has a higher score, and subsequent ranks follow the same rule.	Empty when the accepted-answer score is unavailable.
47	available_question_comment_count	Calculated by project	Later human evidence	Interaction outcome	Comments rows with PostId = question_id	integer	available question comments	The number of comment rows directly attached to the question that are available in Comments.xml.	The value equals the number of matching question-comment rows; comments on answers are outside the agreed extraction scope.	Zero means no comment row attached directly to the question is available. Larger values indicate more question-level discussion.	Zero when no question comment row is available.
48	comments_before_first_answer	Calculated by project	Later human evidence	Clarification evidence	Question comment and first-answer creation times	integer	comments	The number of available question comments posted before the earliest available answer.	The value equals the number of question comments whose CreationDate precedes first_answer_creation_datetime.	Zero means the first answer arrived before any available question comment. Larger values indicate more question discussion before the first answer.	Empty when no first answer is available; zero when an answer exists and no earlier question comment is available.
49	observation_days_at_dump	Calculated by project	Provenance	Follow-up control	question_creation_datetime and dump_snapshot_date	integer	calendar days	The number of calendar days between question posting and the dump snapshot.	The calendar date of question_creation_datetime is subtracted from dump_snapshot_date.	Larger values provide more time for accumulated answers, comments, votes, and views. The field controls unequal follow-up time.	Empty only when either date is invalid.
